{
    "baseline": 0.30000001192092898
}
{
    "x": -0.15000000596046449,
    "y": 1.5099999904632569,
    "z": -4.899999618530273,
    "pitch": 0.08715573698282242,
    "roll": 0.0,
    "yaw": 0.0
}
{
    "x": 0.15000000596046449,
    "y": 1.5099999904632569,
    "z": -4.899999618530273,
    "pitch": 0.08715573698282242,
    "roll": 0.0,
    "yaw": 0.0
}