{"cameraMode":{"drawMode":0,"name":"Shaded","section":"Shading Mode"},"sceneLighting":false,"audioPlay":false,"sceneViewState":{"showFog":true,"showMaterialUpdate":false,"showSkybox":true,"showFlares":true,"showImageEffects":true,"showParticleSystems":true},"in2DMode":false,"pivot":{"x":0.623825192451477,"y":0.010550081729888916,"z":-1.5589752197265626},"rotation":{"x":0.01794843003153801,"y":0.07491759210824967,"z":-0.001348661258816719,"w":0.9970274567604065},"size":3.0618574619293215,"orthographic":false}