{"cameraMode":{"drawMode":0,"name":"Shaded","section":"Shading Mode"},"sceneLighting":false,"audioPlay":false,"sceneViewState":{"showFog":true,"showMaterialUpdate":false,"showSkybox":true,"showFlares":true,"showImageEffects":true,"showParticleSystems":true},"in2DMode":false,"pivot":{"x":4.031712532043457,"y":-4.565176010131836,"z":7.257183074951172},"rotation":{"x":0.1579485535621643,"y":0.5648903846740723,"z":-0.11121801286935806,"w":0.8022398352622986},"size":5.944413661956787,"orthographic":false}