{"cameraMode":{"drawMode":0,"name":"Shaded","section":"Shading Mode"},"sceneLighting":false,"audioPlay":false,"sceneViewState":{"showFog":true,"showMaterialUpdate":false,"showSkybox":true,"showFlares":true,"showImageEffects":true,"showParticleSystems":true},"in2DMode":false,"pivot":{"x":0.008459657430648804,"y":4.940000057220459,"z":0.0},"rotation":{"x":0.24545174837112428,"y":-0.4324467182159424,"z":0.12360191345214844,"w":0.8587607741355896},"size":2.2717392444610597,"orthographic":false}