{"cameraMode":{"drawMode":0,"name":"Shaded","section":"Shading Mode"},"sceneLighting":false,"audioPlay":false,"sceneViewState":{"showFog":true,"showMaterialUpdate":false,"showSkybox":true,"showFlares":true,"showImageEffects":true,"showParticleSystems":true},"in2DMode":false,"pivot":{"x":-43.21407699584961,"y":79.06127166748047,"z":-7.702672004699707},"rotation":{"x":0.24545174837112428,"y":-0.4324467182159424,"z":0.12360191345214844,"w":0.8587607741355896},"size":2.862079381942749,"orthographic":false}