{"cameraMode":{"drawMode":0,"name":"Shaded","section":"Shading Mode"},"sceneLighting":false,"audioPlay":false,"sceneViewState":{"showFog":true,"showMaterialUpdate":false,"showSkybox":true,"showFlares":true,"showImageEffects":true,"showParticleSystems":true},"in2DMode":false,"pivot":{"x":0.11343429982662201,"y":-0.0002294778823852539,"z":-2.384185791015625e-7},"rotation":{"x":0.24545174837112428,"y":-0.4324467182159424,"z":0.12360191345214844,"w":0.8587607741355896},"size":1.5994322299957276,"orthographic":false}