{"cameraMode":{"drawMode":0,"name":"Shaded","section":"Shading Mode"},"sceneLighting":false,"audioPlay":false,"sceneViewState":{"showFog":true,"showMaterialUpdate":false,"showSkybox":true,"showFlares":true,"showImageEffects":true,"showParticleSystems":true},"in2DMode":false,"pivot":{"x":-44.094581604003909,"y":78.60191345214844,"z":-7.688806533813477},"rotation":{"x":0.24545174837112428,"y":-0.4324467182159424,"z":0.12360191345214844,"w":0.8587607741355896},"size":2.028740882873535,"orthographic":false}