{"cameraMode":{"drawMode":0,"name":"Shaded","section":"Shading Mode"},"sceneLighting":false,"audioPlay":false,"sceneViewState":{"showFog":true,"showMaterialUpdate":false,"showSkybox":true,"showFlares":true,"showImageEffects":true,"showParticleSystems":true},"in2DMode":false,"pivot":{"x":-40.9842414855957,"y":78.3524398803711,"z":-7.703178882598877},"rotation":{"x":0.24545174837112428,"y":-0.4324467182159424,"z":0.12360191345214844,"w":0.8587607741355896},"size":2.666632652282715,"orthographic":false}